{
  "feature_stats": {
    "sepal length (cm)": {
      "min": 4.3,
      "max": 7.9,
      "mean": 5.843333333333334,
      "std": 0.8253012917851409
    },
    "sepal width (cm)": {
      "min": 2.0,
      "max": 4.4,
      "mean": 3.0573333333333337,
      "std": 0.4344109677354946
    },
    "petal length (cm)": {
      "min": 1.0,
      "max": 6.9,
      "mean": 3.7580000000000005,
      "std": 1.759404065775303
    },
    "petal width (cm)": {
      "min": 0.1,
      "max": 2.5,
      "mean": 1.1993333333333336,
      "std": 0.7596926279021594
    }
  },
  "feature_names": [
    "sepal length (cm)",
    "sepal width (cm)",
    "petal length (cm)",
    "petal width (cm)"
  ],
  "target_names": [
    "setosa",
    "versicolor",
    "virginica"
  ]
}